review_date,review_id,like_count,like_count_within_date_rank_pct,review
2026-02-07,38058348,16,1.0,역사시간에 배운 기억토대로ㅜㅜ더 집중해서 감상했어요 진짜 우느라 눈이 부어서 밤탱이가 됐어요 배우분들의 정잇는 연기가 너무 좋았고 정말 슬펐어요 #박지훈 님이랑 #유해진 님 케미가 정말 좋았어요🥹
2026-02-07,38058181,9,0.999163179916318,"단종의 환생 #박지훈 배우님 연기 너무 좋았어요.
#유해진 배우님과의 케미 너무 슬프고 감동적이였어요.
오랜만에 정말 재밌는 웰메이드 영화 본 것 같네요."
2026-02-07,38058538,5,0.998326359832636,김은희와 사는 남자...빈약한 연출력에 과도하게 어긋난 상상력이 청령포 절벽으로 추락한 영화
2026-02-08,38065269,20,1.0,"유해진 박지훈이 연기 다 이끌어나감 
#유해진  진짜 연기 미침
#박지훈 그냥 단종임
웃고 울면서 봄
유지태는 너무 꼴뵈기싫더라 하"
2026-02-08,38062270,10,0.9995824634655532,#박지훈 슬픈 눈빛이 다한 영화
2026-02-08,38062686,9,0.9991649269311064,"CG나 연출적인 부분, 서사 쌓는 과정 등 아쉬운 점이 많았습니다. 그러나 #유해진 배우와 #박지훈 배우의 눈빛과 연기가 최고였습니다. 대신 비중이 적더라도 논란있는 배우를 안썼다면 더 좋았을듯 하네요."
2026-02-09,38067939,10,1.0,"주연조연 모두 #최고의 연기력!
#박지훈 처연미에서 변해가는 눈빛!
#유해진 #최고!
#유지태 아! 정말 그 눈빛! #최고 악역!"
2026-02-09,38069433,9,0.9992395437262356,"#박지훈 에게 안빠질 수 없는 영화.
이 영화로 대중배우로 자리잡을 듯.
눈빛이 다했다."
2026-02-09,38070683,8,0.9984790874524716,박지훈 배우님 눈빛연기가 대박이에요…!! 진짜 너무 슬퍼서 펑펑 울었습니다ㅠ 설연휴 무대인사도 가는데 한번 더 봐도 또 엄청 울것같아요ㅜㅜㅜ #박지훈 배우님 진짜진짜진짜진짜 많이많이많이 사랑합니다❤
2026-02-10,38072633,16,1.0,부족한 연출로 떨어지는 몰입감
2026-02-10,38073426,9,0.9991142604074402,"진짜 미쳤어요 (positive.).
얼굴부터 연기까지 몰입감이 장난아니에요
이건 무조건 1000만 가야됩니다.
여운이 찐~~하게 남아요. 꼭 보세요.
#박지훈 개잘생김"
2026-02-10,38071104,5,0.9982285208148804,"바이럴에 속아 저같은 피해자가 더이상 나오지않길바라며 평 남김
2시간내내 욕하면서 봄
지루하고 서사도 납득안되고 정말 시간과 돈이 아깝슴. 안봐도됨 이정도면 됐지 할 영화가 아닙니다 장항준씨"
2026-02-11,38078260,5,0.9986251145737856,"박지훈 눈빛 연기가 너무 좋았음

26.2.25 2차 관람 
n차하면 덜 울까 싶었는데 오열함 ㅠㅠ"
2026-02-11,38076323,5,0.9986251145737856,흠.. 연출이 좀 많이 구림. 이게 장항준 감독 스타일인가봄. 끝에 엄청 눈물 짜내는 연출로 곳곳에서 눈물 흘리시긴 했음. 초반에 나가고 싶은걸 엄청 참아야했음. 내용은 참신한데..암튼 지루함.
2026-02-11,38074119,5,0.9986251145737856,이게 2026년에 나올 각본 수준이 맞냐
2026-02-12,38082118,7,0.9989785495403471,진부한 연출과 익숙한 패턴은 연기력으로도 커버할 수 없다
2026-02-12,38081537,7,0.9989785495403471,"장항준감독님의 인생작은 리바운드인걸로.
#왕사남..기대가 커서인지 연극적인 각본과 과다한 사족, 직관적 표현에 좋은 점수 주기가..
초반 #유해진의 과잉된 연기는 연극적인 각본때문인 듯"
2026-02-12,38081532,7,0.9989785495403471,장항준 감독의 작품은 이제 거른다. 영화의 소재를 잘 끌고는 왔지만 연출은 영....억지스런 유머와 끊기는 감정선  어슬픈 스토리 연결성.  최고의 악단으로 구성되었지만 지휘자는 최악.
2026-02-13,38089300,12,1.0,이 정도로 영화 여러편 말아드셨으면 본인에 대한 스스로의 자아성찰이 필요하지 않을까....
2026-02-13,38088851,10,0.998849252013809,단종에 관련된 소재는 흥미로웠지만..영화 중간 나오는호랑이 장면 넘 어처구니가 없었네요(20년전 영화느낌 의 수준) 영화 관상의 수준을 기대한 탓이었는지..? 영상이 좀 옛날영화 같아서..실망했네요
2026-02-13,38087020,9,0.997698504027618,공짜로 보여준다고 해도 영화 보기 싫어하는 친구가 처음으로 또 보고 싶다고 한 영화입니다. 명절 연휴 영화로 강력하게 추천합니다. 같이 본 관객들의 리액션과 상영관 분위기가 굉장히 좋아서 즐겁게 봤네요.
2026-02-14,38091156,6,1.0,"3회차 관람 후기.
#박지훈 눈빛 연기 보면볼수록 단종환생을 믿게 됨.
#유해진 믿고보는명배우다.
주연 이외에도 조연 배우분들의 탄탄한 연기력이 후반부 감정선을 끌어올리는 배경이 되어줬다고 생각함"
2026-02-14,38095165,5,0.9990046449900464,지태오빠 무서워 지릴뻔...그리고 박지훈 배우로 성공적 필모~ 거기에 믿고 보는.유해진 전미도 배우 ... 좋아요 ㅠㅠㅠ
2026-02-14,38091249,5,0.9990046449900464,그냥 꾸역꾸역 동태눈으로 봄...
2026-02-15,38098200,8,1.0,"정말 역사가 스포이긴 하나 모든 배우가 모든걸 다 해주셨습니다.
너무너무 감사한 영화였습니다.
천만갔으면 합니다.
#유해진 #호랑이 #박지훈 #전미도 #김민"
2026-02-15,38098458,7,0.999442586399108,감독님이 깔아놓은 판에 배우들이 신명난 연기를 선보인 것 같습니다. 특히 #박지훈 배우님 눈빛이 돋보였어요. 말보다 먼저 감정을 전하는 눈빛 덕분에 장면 하나하나에 더 깊이 빠져들었어요.
2026-02-15,38100587,6,0.9986064659977704,"#박지훈 배우 약한영웅 봐서 연기 잘하는 건 알고 잇엇지만 진짜 잘하네요..... 감탄함 진짜 단종 그자체..  
#유해진 배우는 말해뭐해고 믿고 보는 연기고.."
2026-02-16,38103692,10,1.0,호랑이가 허접했고 후반부 내용빼고는 재미없었어요. 리뷰들은 다들 좋았다고 하는데 제가 이상한건가 싶네요. 아님 나만 당할수없으니 너도 가서 봐라라는 마음으로 리뷰하신건가..
2026-02-16,38106886,7,0.999475890985325,"단종이라는 매혹적인 역사적 소재를 손에 쥐고도, 영화는 끝내 그 무게를 견디지 못한다. 장면과 장면 사이의 이음새는 헐겁고, 캐릭터의 감정선은 연출의 완급 조절 실패로 인해 갈피를 잡지 못한다."
2026-02-16,38104659,6,0.99895178197065,진짜 다들 휴지랑 손수건 챙겨가세요. #류해진 연기 극강으로 보여주는 영화. #박지훈 생각하면 진짜 단종 생각나서 먹먹함...누가 이거 반전내용으로 AI라도좋으니 뭐좀만들어줘봐라 열받고슬퍼서못살겠다
2026-02-17,38109467,11,1.0,"장항준감독답다
뭔가 항상 부족한...."
2026-02-17,38112643,5,0.9989816700610998,"3번 봤는데 3번 다 너무너무 슬프고 몰입감 최고였음
캐스팅 진짜진짜 잘된듯 배우들 연기 미쳤고
특히 #박지훈 눈빛 발성 목소리톤 표정이 단종 그 자체"
2026-02-17,38111743,5,0.9989816700610998,"배우들 연기가 일품이고, 피해자로만 그려졌던 단종을 조명한 게 참 좋다. 실패한 정의는 나약하지 않으며, 영원히 후손들에게 기억됨으로써 함께 한다."
2026-02-18,38117648,10,1.0,감독 역량의 한계가 느껴짐. 슬퍼서 눈물이 나다가도 금방 쏙 들어가게 만드는 가벼운 연출과 스토리텔링. 평이 좋아 기대 많이하고 봤는데.. 세상이 몰카찍나?? 연기도 단종은 괜찮았는데 되려 엄흥도가 오바함
2026-02-18,38117503,9,0.999365213711384,"역사적 고증, 스토리의 인과관계, 당위성,,,어느하나도 매끄럽지 않아 집중과 몰입이 어렵습니다.
억지 웃음, 눈물 강요… 
서사는 배우들의 대사로 떼우고, 영상은 밤과 폭우로 가리고,,,
의미 없는 대화들."
2026-02-18,38117120,9,0.999365213711384,연출의 허술함을 배우의 연기로 하드캐리해 감정선을 끓어올리면 완성도 있는 줄 착각한 영화~ 고작 초등학생 나이에 왕위를 스쳐지나 고1에 죽음에 이른 아이와 그를 아꼈던 이들의 노고가 안타까울뿐~~
2026-02-19,38119653,7,1.0,"엄청 많이 웃고 울었던 영화예요,,
#박지훈#유해진#유지태#전미도 배우분들 연기도 다 너무 좋아서 더 몰입해서 보게되었어요ㅠㅠㅠ ♡
이 영화만큼은 꼭 모든 분들이 보시면 좋겠어요🥺🥺"
2026-02-19,38119891,5,0.9993279569892471,서프라이즈급 연출...
2026-02-19,38123357,3,0.9976478494623656,그래서 환생은 하셨는지.. 지금은 소중한 사람들과 함께하는지.. 너무 마음이 아픕니다.. 목 놓아 눈물을 흘렸습니다.
2026-02-20,38125338,5,1.0,"봉테일에 반대편에 장대충이 있다는 걸 느낀 시간이었습니다.
대신 연출부 스텝들에겐 인간적인 감독이었을 테니 존재 이유는 가진 작업 이었기를 빕니다."
2026-02-20,38125805,3,0.9986583184257602,왜이렇게 고평가된건지 그냥 조선시대 휴먼 다큐 느낌이라해야하나..
2026-02-20,38125356,3,0.9986583184257602,"#박지훈 엄청 좋아하는데 여기서 또 보니 좋았어요! 완전 잘생겼음ㅠㅠㅠㅠ
#유해진 배우님과의 호흡도 너무 좋았어요!!
연기, 감정선 전부 👍🏻👍🏻👍🏻"
2026-02-21,38128899,7,1.0,최악의 영화다 감동도 없고 재미도 없고
2026-02-21,38127540,6,0.999379652605459,#박지훈 단종 안아.. 단종 밥먹어..ㅠㅠㅠㅠㅠㅠㅠ
2026-02-21,38127403,5,0.9987593052109182,지훈님의 눈연기는 몰입도를 넘어 환상속으로 빠져드는듯 했습니다~어린 나이에 어찌 그런 황망과 깊은 슬픔이 내재되어있는 눈빛연기를...♡♡♡
2026-02-22,38132785,8,0.9997189432265318,"연기차력쇼 미쳤다
#박지훈 안아 홍위 안아"
2026-02-22,38132596,8,0.9997189432265318,"가슴 한편이 아려오는 안타까움. 
부디 편히 가소서 전하. 
#박지훈 #유지태 #유해진"
2026-02-22,38131076,7,0.9988757729061272,배우들의 연기가 탁월했습니다. 특히 단종 역의 #박지훈 배우의 연기가 인상적이었어요!
2026-02-23,38137464,7,1.0,지루하고 작위적이며 뻔해요
2026-02-23,38136254,6,0.9990808823529412,연기력이 다 했다… 배우 박지훈의 앞으로가 더 기대되는 영화. 사실 드라마는 잘 안 즐기는 편이라 #박지훈 연기하는 모습 처음 보는 건데 몰입도에 충격적이었음. 팬 될 것 같다… 돈 아깝지 않은 영화
2026-02-23,38136594,5,0.9972426470588236,#박지훈 친구드라 우리 홍위 꼬옥 안아주자 ..
2026-02-24,38138555,6,1.0,#박지훈 뿐만 아니라 모든 배우분들이 연기를 너무 잘하세요.. n차 관람 했는데 2차 때 부턴 처음부터 계속 울었어요.. 미래에 무슨 일이 일어날지 알고 앞으로 뭐라고 말하고 행동할지 다 아니까 더 슬프더라구요
2026-02-24,38140116,3,0.9973297730307076,영화의 관객이었던 내가 어느새 전하의 백성이 되어 울고 있었다.
2026-02-24,38138525,3,0.9973297730307076,유해진의 작두 탄 연기 차력쇼를 보는 것만으로도~ 감탄스런 배우
2026-02-25,38144489,7,1.0,모두가 같이 웃고 운 영화..#박지훈 배우님과 #유해진 배우님 연기 차력쇼 레전드...왜 이 영화 보고 난 후에 다 왕사남앓이 하는지 납득함ㅠ
2026-02-25,38144225,6,0.999250936329588,단종의 삶에 몰입하여 볼수있었습니다 배우들의 연기도 너무 좋았습니다👍👍👍 #박지훈 #유해진 #전미도 🫶
2026-02-25,38144238,5,0.99812734082397,인간 장항준은 좋아요 하지만 연출력은 여전히.. ㅠ 이런 영화가 평가가 좋고 관객수 5~6백만 넘어간다라;; 글쎄요.. 저는 당분간 한국영화는 안 봐야겠다 싶어요 ㅠ 호랑이는 진짜;;
2026-02-26,38145019,10,1.0,영화관에서 두 번 본 건 처음이고 두 번 봐도 슬프네요 단종께서 후세의 많은 사람들이 그를 그리워하고 사랑하고 있다는 것을 아셨으면 좋겠습니다 이홍위 역은 #박지훈 아니고는 상상도 못해 사랑해요♡ 최고!
2026-02-26,38146770,8,0.9985604606525912,"눈앞에 단종 이홍위가 아른거려서 4번째 영화 봤습니다 
이번에는 아닐까 했는데 단종보면서 더 몰입하고 눈물이 더 났던거 같아요 
#박지훈 배우님 천만 배우 되셨으면 좋겠고 영화에서 자주 보고 싶습니다"
2026-02-26,38144802,8,0.9985604606525912,진짜 너무너무너무너무너무 재밌음 이미 세번 봤고 한 번 더 볼 예정임..^ 박지훈 너무 잘생겼고 연기를 잘 하고 마음을 울림 숨어있던 지훈사랑녀 본성이 깨어남 박미새 됐음! #박지훈 사랑해 단종오빠 사랑해
2026-02-27,38149723,8,1.0,"#박지훈 배우님 눈빛만 봐도 눈물이 나요. 슬픔과 절망을 눈빛 하나로 담아내는 힘이 정말 강하고 또 뵙고 싶습니다. #유해진 배우님의 연기로 저도 눈물을 왈칵 쏟았어요. 모든 배우님들,감독님 존경합니다."
2026-02-27,38150382,5,0.9987244897959184,"#박지훈 배우님이 복덩이다 진짜 
천만가자! 가보자고!"
2026-02-27,38150957,3,0.9974489795918368,감상평에 별로에요 하는 사람들은 우리나라사람 맞나요 너무 재밌고 감동적이였는데 우리나라 사람이 아닌게 확실한듯요 ~
2026-02-28,38156001,6,1.0,"이게 왜 700만?
후기에 낚였네요.

와잎이 가자해서 안내켜도 따라 보러갔는데, 내용이 공감이 안감.
걍 집에서 넷플이나 보는건데..."
2026-02-28,38155697,5,0.9975825946817084,"음...
전 리뷰가 좋아 기대하고 봤는데 
그냥 보기에는 나쁘지않지만 천만갈만한 영화는 아닌듯
하네요."
2026-02-28,38155306,5,0.9975825946817084,"영~ 애매~ 한데....
포인트가 뭔지도 모르겠고
유해진 연기에 매몰되서 집중도 안되고
어영부영 영화는 끝나가고
마지막 눈물샘 한스푼 담을려는게 보이는데
하.. 모르겠다..."
2026-03-01,38156663,15,1.0,"우리는 단종이 폐위되어 노산군이 되었다는 걸 알지만 단종이라 부르고 기억하지 노산군이라 부르지않는다. 
우리는 세조인걸 알지만 그를 세조가 아닌 수양이라 부른다.
#박지훈 #유해진 #왕과사는남자 #왕사남"
2026-03-01,38156965,11,0.9993606138107416,"왜 이게 700만인지 의아함. 
웃기지도 않고 연출도 이상해서
끝나고나니 영화비가 아까웠슴 ..
굳이 영화관 가는 시간 낭비없이 그냥 otp로봐도 무방함."
2026-03-01,38159739,5,0.9980818414322252,초반엔 억지웃음 후반엔 억지눈물 한국영화야 이런 진부한 설정 그만좀 하자
2026-03-02,38163731,7,1.0,재미 없었습니다. 재미보다 어설픔과 오글거리게 하는 요소들이 더 좋지 않았어요. 특히 천둥칠 때 90년대에 만든 영화인 줄 알았어요.
2026-03-02,38165074,6,0.9994107248084856,"감독&배우들 다 좋아하지만,
절대 이렇게 관객이 들 영화는 아닌데 ㅜㅜ
부끄럽다"
2026-03-02,38163744,5,0.998526812021214,"몰입하려면 끊어지고, 몇번웃다보면 결말로 치달으니 보다만듯한기분이 드는영화임. 천만영화는 아닌듯합니다."
2026-03-03,38168121,7,1.0,900만일때야 봤는데 그냥 때를 잘 탄 신파사극
2026-03-03,38167911,6,0.9981036662452591,원래 짧은 이야기를 잘 늘려놨으나 그 방식이 진부하게 개그-&gt;진지로 가는 한국영화식인 게 흠. 둘 사이 감정 관계에 집중 못하고 이 인물 저 인물 나오는게 흠.
2026-03-03,38165600,6,0.9981036662452591,"사실 잘 모르겠음.
이 영화가 좋은건지 단종이라는 소재가 좋은건지...
소재와 영화를 분리해도 좋은 영화라는 평가를 받을수 있을까?"
2026-03-04,38168569,11,1.0,입소문을 잘 타고 난 거지 천만 찍을 영화는 아니올시다.
2026-03-04,38171589,7,0.998422712933754,진짜 지루했어요. 생각할수록 별로네요. 참고 참아서 끝까지 봤어요. 뭘 말하려고 하는지 모르겠고 생각보다 CG가 많이 어설퍼요. 막판에 유해진 배우님 연기가 너무 좋은 거 하나만 남네요.
2026-03-04,38171404,6,0.9960567823343848,"아직도 강요가 가득한 신파
내용이 좋든 영상이 좋든 
아직도 이정도에 울어준다고?
명량, 7번방의 선물이 떠오르는 영화였음

망해가는 한국영화산업 전체의 온몸비틀기를 본 기분"
2026-03-05,38174862,13,1.0,"오랜만에 천만 영화가 나올듯 해서 기대 많이 하고 봤는데 기대가 커서인지 실망이 더 큰 영화. 어떻게 이렇게 많은 사람들이 낚여서 보게 되었는지 모르겠다. 스토리, 배우들 연기 등 모든 면이 수준이하."
2026-03-05,38175035,12,0.9983844911147012,한국영화 이정도 만들면 극장 모두 없어진다.
2026-03-05,38174449,9,0.9967689822294022,장항준 감독이 운이 좋네요.솔직히 천만까지 갈 정도의 연출은 아닌데..배우들의 연기는 좋았지만 딱 장항준스러운 억지 개그요소 보면서 고개를 갸우뚱.단종의 슬픈 서사는 이미 드라마틱한 내용이고 글쎄...
2026-03-06,38179300,9,1.0,"이거 두쫀쿠냐. 왜 1000만이라는거냐. 
아무리 역사여도 기승전결을 좀 탄탄하게 만들지... 아쉬움. 알맹이가 너무 없고 그냥 역사책 표지 한번 스윽 만지다가 끝난 느낌임."
2026-03-06,38178841,7,0.9983221476510068,"평면적으로 소모되는 캐릭터들,
성의없는 서사 빌드,
발전 없는 촬영과 대사,
신파 가득 후반부까지...
천만 돌파가 반갑지만은 않다."
2026-03-06,38178162,5,0.9966442953020134,"맨 농담만 하고
역사적 슬픔과 감동을 보여야 하는 장면조차 쓸데없는디테일로 다 깨버리는데
이걸 천만이나 본다고…"
2026-03-07,38182637,6,1.0,모르겠다. 그 지긋지긋한 신파와 뭐가 다른지...
2026-03-07,38179609,5,0.9985279685966634,흥행작이라 기대하면서 봤는데 왜 이렇게 인기가 있는지 공감하기가 어려웠습니다.스토리 전개가 생각보다 지루하게 느껴졌고 몰입도도 높지 않았습니다. 개인적인 평점은 5점 만점에 1점 정도입니다.
2026-03-07,38179596,5,0.9985279685966634,허술한 연출 심각함  ㅠ ㅠ  억지스러움 영화관에서 보기 아까움  대체  평점이  왜높은건지 진심  이해안감  유치ㅎ하고 그냥  재미없음  호랑이는  80년대영화보는줄 하. . .  진짜
2026-03-08,38183911,6,1.0,ㅋㅋ오달수 나오는 줄 알았으면 안봤을텐데 참... 얼마나 영화계가 처참한지 잘 알고 갑니다. 웃기네요.
2026-03-08,38185743,5,0.998262380538662,이런 영화가 천만이라니... 절벽에서 떨어지고싶다
2026-03-08,38185551,5,0.998262380538662,"오달수 나오는 줄 알았으면 안 봤지

저런 인간을 선량한 할아버지 역할 준게 더 별로임 감독이 생각이 없니? 사람들이 우습구나."
2026-03-09,38187476,5,1.0,요즘 영화 불모지에서 시기 좋게 나타난 감성 건드리는 무난한 영화. 끊김없는 몰입도와 배우들의 뛰어난 연기가 다 살린 영화. 인물간의 인과는 글쎄..  애매하다. 1000만은 역시 운이 따라야 한다.
2026-03-09,38187951,4,0.998397435897436,박지훈에게 신인상 대상을.. #0011 이홍위
2026-03-09,38188221,3,0.9919871794871796,웬만해선 리뷰 안남기는데 이게 왜 천만을 찍은건지도 모르겠고 오글거리기만 했어요. 유머 코드도 너무 올드하고 솔직히 평타 치는 괜찮은 영화 한두개만 극장에 걸려 있었어도 혹평받고 끝났을것 같아요
2026-03-10,38189742,6,1.0,"유해진 배우의 연기로 초반부에는 웃었으며 박지훈 배우의 연기로 울었다
#박지훈 #유해진"
2026-03-10,38189673,4,0.9978070175438596,"무거울 줄 알았는데 가벼웠고, 생각보다 웃음포인트가 많아서 많이 웃었으며, 그로인해 더 마음이 아팠다. 끝을 알고 달렸지만 아니길 바라는 마음이 생길정도로 배우들의 연기에 몰입했고, 안타까워 결국 눈물."
2026-03-10,38190160,3,0.986842105263158,관객으로 보러갔다가 백성이 되어 나왔사옵니다
2026-03-11,38193572,2,0.9765807962529274,처음엔 부족한 연출을 배우들의 연기력으로 커버했다고 생각했는데 N차 관람을 하다보니 부족한 부분도 정들었습니다
2026-03-11,38193562,2,0.9765807962529274,아무 생각 없이 보기 좋음! 연출이 아쉽다고는하는데 이런 영화도 필요하다 생각해요💞
2026-03-11,38193515,2,0.9765807962529274,그들은 그렇게 갔지만 이렇게 기록으로 남아 마음에 울림을 주는군요. 각본 연기 굿이고 연출도 거슬릴 거 없던데 까는 사람들은 되게 까대. 배아픈가. 뭐 감상은 자유니까. 요즘 주가처럼 스코어 쭉쭉가네👍
2026-03-12,38193837,5,1.0,"내 인생 유일하게 영화관에서 2번 본 영화…
#박지훈 배우의 연기가 너무 마음에 남아서 
한번 더 봤습니다…"
2026-03-12,38195620,3,0.9972826086956522,"단종눈빛을 잊을 수가없어서 다시 한번 보러가려구요
여운이 가시질 않네요"
2026-03-12,38195859,2,0.9836956521739132,"1000만은 진짜 이유가 있어요...
지금 2번 보러갔는데 질질 짜느라 놀림 500번 당함..
결과를 알아도 이게 연기로 보는거랑 
몰입감부터가 다르더라구요
배우분들 모두 연기가 엄청나셔서 너무 좋았습니다🥹"
2026-03-13,38197042,9,1.0,"홍위 밥 많이 먹어.. 홍위 안아...단종 안아...
막판에 오열을 했던 영화.. 여운이 오래 갑니다..
#박지훈"
2026-03-13,38198122,4,0.9975247524752476,첫관람 때는 내용이 슬퍼서 울었고 재관람 했을 땐 언제 어느 장면이 나오는지를 알아서 그런지 슬픈 장면이 나오기 전인데도 불구하고 #박지훈 배우님이 화면에 잡히기만 해도 울었습니다 눈물 닦느라 혼났어요
2026-03-13,38197501,3,0.9938118811881188,"전개가 너무 평이해서 지루했어요.
유해진 연극 보러간 느낌이었음."
2026-03-14,38198763,5,1.0,과연 이게 천만이 넘을 정도의 영화인가.. 한국 상업영화 특유의 고질적 억지 신파.. 아직 먹히는구나
2026-03-14,38200715,2,0.9873015873015872,천만인 이유가 있는 영화다
2026-03-14,38200705,2,0.9873015873015872,역시 천만관객 영화 맞네요..재밌었습니다.
2026-03-15,38202945,5,1.0,웰켐투동막골에 왕만 넣어놓은 느낌
2026-03-15,38203313,3,0.9933920704845814,"인생의 행복은 지위나 자리에 있지 않다
누구와 함께 살고 같이 있는지가 중요한 것임을.."
2026-03-15,38202995,3,0.9933920704845814,"도대체 어떻게 1000만 갔는지 이해가 안되는 영화,, 호랑이 CG빼고는 불만이 없다는게 이해가 안되는 영화,, 오히려 호랑이 CG는 봐줄만 했을 정도,,스토리, 배우들 연기 다 1000만 영화급이 아닌데도 1000만간게 용함."
2026-03-16,38205019,7,1.0,왜 1000만인지는 모르겠어요
2026-03-16,38205462,6,0.9972144846796658,"집단착각?
요즘 사람들이 많이 힘든갑다"
2026-03-16,38205468,3,0.98050139275766,응원하는 마음과 아쉬움.
2026-03-17,38207186,7,1.0,"솔직히 왜 천만 넘은지 모르겠음,,, 난 그냥 시간 아까웠음"
2026-03-17,38207119,5,0.9955089820359282,다들 난리길래 봤는데 그냥 유해진 원맨쇼네요.. 연기가 미쳤다느니 말이 많아서 기대했는데 그 정도는 아닌 거 같아요
2026-03-17,38207072,5,0.9955089820359282,IP선정이 좋았다. 연출이나 영상미는 그닥 유머도 내 스타일 아님 외모비하개그 진짜 별로
2026-03-18,38210987,7,0.9984894259818732,"박지훈과 유해진의 연기 말고는 딱히 볼 게 없다.
이게 어쩌다 1000만이 갔는지 모르겠네. 내가 너무 기대를 했나? 컷의 흐름도 부자연스럽고, 2시간 안에 담기에는 감정의 개연성도 뚝뚝 끊어진다. 한국영화실화냐"
2026-03-18,38209306,7,0.9984894259818732,"그 배우가 나온줄 알았더라면 안 봤을텐데..
아쉽네요. 보지말걸

그리고 한국 특유의 웃음포인트가 나오는데
진짜 별로에요. 재미도 없어서 그냥 억지웃음 유발..
배우들 연기에 묻어가는 거져먹는 영화"
2026-03-18,38210798,5,0.9909365558912386,그냥 저냥 한국영화입니다
2026-03-19,38212725,10,1.0,천만영화 타이틀을 가지면 안됐던 영화
2026-03-19,38216164,6,0.9963768115942028,"연출 별로
숨진 계절은 겨울인데
너무 대충 만드신 듯
주연 배우와
역사 스포가 다인 영화"
2026-03-19,38216697,5,0.9891304347826086,"천만 넘었다기에 궁금해서 봤지만 살짝 유치함. 최근 한국영화중에선 나쁘지않았으나, 유해진씨 특유의 소리지르는 연기가 이제는 좀 질림."
2026-03-20,38216853,4,1.0,후유증ㅜㅜㅜㅠㅠㅠ하아
2026-03-20,38216928,3,0.99672131147541,천만 영화라고 큰 기대를 하고 봐서 그런지 모르겠지만 놀라운 감동은 못 받았다. 80점 영화.
2026-03-20,38220098,2,0.9,잘 만든 클리셰인지 따지고 보기 전에 이미 눈물부터 흘렀던 영화. 충격적으로 슬프다는 감정을 오랜만에 느껴봤다.
2026-03-21,38220826,9,1.0,"아.. 너무 실망스러움. 이게 왜 천만을 넘은거지...?

말도 안되는 유치한 꽁트코메디로 가다가. 어거지 신파로 마무리.  연출.연기.대사 전부 진부하고 촌스러움. CG는 쓰레기. 이게 왜..? 내가 이상한건가..? 생각함"
2026-03-21,38221514,5,0.9975247524752476,"1000만 영화다고 보면 실망이 클수있음.
400~500만 정도느낌.. 호랑이cg 나올때 부터 실망, 하지만 유지태씨와 시중역활 여성분 연기 칭찬합니다. 유해진씨는 짐작했던 연기.. 장항준씨가 천재는 아님을 확인함"
2026-03-21,38222360,4,0.995049504950495,배우들이 연기를 잘하는 서프라이즈 재연 드라마보는 느낌. 사건의 나열만 있고 사건과 사건 사이의 관계성은 느슨함. 연기는 좋으나 캐릭터는 빈약함. 이 영화 자체가 슬프다보다 그냥 단종이 가진 서사가 슬픔.
2026-03-22,38224994,6,0.998997995991984,"마케팅의 힘이었을까? 이 영화가 1500만까지 갔다는 사실이 의아하네요.
유해진과 다른 조연 배우들 때문에 그나마 볼 수 있었던 영화. 각본도 영상도 엉성하기 그지없음."
2026-03-22,38224888,6,0.998997995991984,"하도 호들갑들 떨길래 봤는데 역시나
k 1400만 신파극 클래스
한국천만영화는 영원히 이수준일듯
안본눈 삽니다 아예 안보게"
2026-03-22,38224957,5,0.995991983967936,유해진 연기만 보이는듯해요
2026-03-23,38231718,3,0.9856115107913668,"믿보배 배우들이라 연기력은 기본장착이였고
박지훈이라는 배우를 발견한 영화였음. 
눈빛연기가 정말 최고였음"
2026-03-23,38231692,3,0.9856115107913668,배우들의 연기가 좋았다 하지만 연출은 잘 모르겠다
2026-03-23,38231683,3,0.9856115107913668,"유해진 배우 찐팬으로 너무 재밌게 영화 감상했아요. 감독, 배우 모두 👍👍"
2026-03-24,38232029,4,0.9940476190476192,확실히 연출은 딸린다. 배우 두명이 다끌고 가는 영화.
2026-03-24,38232011,4,0.9940476190476192,초반 지루해서 졸다가 그냥 무난 천만 오바
2026-03-24,38231994,4,0.9940476190476192,"오랜만에 천만관객 영화가 나왔다고해서, 오랜만에 영화를.봤는데요. 연기자들의 연기는 당연 최고였으나, 영화자체만 놓고는 '글쎄...' 였습니다. 제가 너무 기대했던 탓도 있을지도 모르겠지요."
2026-03-25,38235182,4,1.0,"배우, 연기, 영상미는 볼만하나

개연성 스토리는 매우매우 아쉬웠슴

훨씬 더 잘만들수 있었을텐데"
2026-03-25,38237497,3,0.9744897959183674,기대가 많이 돼는데 배우님들의 연기에 비해 스토리 연출 좀 부족한것 같다는 느낌..?
2026-03-25,38237436,3,0.9744897959183674,기대가 커서 그런지 기억에 남는 영화는 아닌듯.
2026-03-26,38237704,6,1.0,연출이 좀 촌스럽네요 주인공은 배역에 잘어울림
2026-03-26,38237904,5,0.9951456310679612,"배우들이 너무너무 아까웠어요 하.. 이 소재와 배우들 그대로 감독,작가만 교체해서 영화 다시 찍었으면 좋겠네ㅠㅠ 고증이며 연출이 진짜 처참하던데 제발 감독님 스스로 좀 부끄러워하시길"
2026-03-26,38239965,4,0.9878640776699028,"지루함,오글거림,유치함의 결정체. 이런게 1500만 이라니. 하긴 범죄도시,신과 함께도 천만 영화인데 ㅋㅋㅋ"
2026-03-27,38240704,4,1.0,아니 시대가 시대인데.. 호랑이 cg는 20년 전으로 퇴보됨...   왕의 심정변화가 어이없음... 억지 심파극같은 느낌이.. 근데 신기한건 시간은 금방가더이다.. 또근데.. 이게 찬만이라고??
2026-03-27,38242298,3,0.9808743169398908,기대했는데 기대에 비해서는 조금 많이 아쉬웠어요
2026-03-27,38242078,3,0.9808743169398908,"진짜 기대 1도 안하고 천만 영화래서 막차타고 봤는데
눈물 광광,,, 눈빛이 다했다,, 박지훈만이 단종일 수 있다,,"
2026-03-28,38244530,4,1.0,다시보니 천만 갈 영화 맞는거 같아요
2026-03-28,38245808,3,0.9767025089605734,"영화 보기전 역사를  알고보면 더 재밌다고 해서 봤어요
처음엔 그냥 웃기네 했는데 
아~~ 너무 슬퍼서 나는 안울줄 알았는데 ~~
대성통곡하고 왔어요 😢 😢 😢 
유혜진 배우님과 다른 배우들의 캐미도 감동이옝"
2026-03-28,38245073,3,0.9767025089605734,"갈수록 감정이 깊어져서 점점 빠져들게 되고 슬픈 영화였어요🥹 배우들 연기가 정말 몰입감 있게 느껴지고, 웃음 뒤에 숨겨진 씁쓸함이 계속 남더라고요… 여운 있는 작품이었어요!"
2026-03-29,38248935,3,0.9927007299270072,유해진 연기 최고입니다 호랑이 연기할 때 넘 웃겼어요
2026-03-29,38247248,3,0.9927007299270072,배우들 연기력에 업혀간 영화.. 천만이 믿기질 않음 ^^
2026-03-29,38247049,3,0.9927007299270072,오직 박지훈의 얼굴과 유해진의 말 그리고 루즈한 연출이 조화롭다
2026-03-30,38249521,0,0.6666666666666666,"기대하고 봤는데 기대한 만큼 좋았음 마지막이 아쉬웠는데
스토리 특성상 원래 있던 내용을 기본으로 깔고가는거라 
이해됐음ㅁㅁ"
2026-03-30,38249497,0,0.6666666666666666,"많이 울고 많이 웃었습니다.
마음이 너무 짠한영화"
2026-03-30,38249493,0,0.6666666666666666,"특히 마지막  단종의삶을  그대로 표현해낸
배우들의 연기에  몰입하고  왕의 자리의 힘듬을   잘 그려낸영화입니다"
